<?xml version='1.0' encoding='utf-8'?>
<!DOCTYPE hibernate-configuration PUBLIC
        "-//Hibernate/Hibernate Configuration DTD 3.0//EN"
        "http://hibernate.sourceforge.net/hibernate-configuration-3.0.dtd">
<hibernate-configuration>
    <session-factory>
        <property name="hibernate.dialect">
            org.hibernate.dialect.MySQLDialect
        </property>
        <property name="hibernate.connection.driver_class">
            com.mysql.jdbc.Driver
        </property>

        <!-- Assume test is the database name -->
        <property name="hibernate.connection.url">
            jdbc:derby://localhost:1527/PetSupplies
        </property>
        <property name="hibernate.connection.username">
            root
        </property>
<!--        <property name="hibernate.connection.password">
            root123
        </property>-->

        <!-- List of XML mapping files -->
        <mapping resource="Employee.hbm.xml"/>
        

    </session-factory>
</hibernate-configuration>
